CREATE TABLE Pokemon(
    pokemon_id INT,
    nome VARCHAR(20) NOT NULL,
    altura INT,
    peso INT,
    PRIMARY KEY(pokemon_id)
);
INSERT INTO Pokemon VALUES(1, 'Bulbasaur', 70, 6900);
INSERT INTO Pokemon VALUES(2, 'Ivysaur', 100, 13000);
INSERT INTO Pokemon VALUES(3, 'Venusaur', 200, 100000);
INSERT INTO Pokemon VALUES(4, 'Charmander', 60, 8500);
INSERT INTO Pokemon VALUES(5, 'Charmeleon', 110, 19000);
INSERT INTO Pokemon VALUES(6, 'Charizard', 170, 90500);
INSERT INTO Pokemon VALUES(7, 'Squirtle', 50, 9000);
INSERT INTO Pokemon VALUES(8, 'Wartortle', 100, 22500);
INSERT INTO Pokemon VALUES(9, 'Blastoise', 160, 100000);
INSERT INTO Pokemon VALUES(10, 'Caterpie', 30, 2900);
INSERT INTO Pokemon VALUES(11, 'Metapod', 70, 9900);
INSERT INTO Pokemon VALUES(12, 'Buterfree', 110, 32000);
INSERT INTO Pokemon VALUES(13, 'Weedle', 30, 3200);
INSERT INTO Pokemon VALUES(14, 'Kakuna', 60, 10000);
INSERT INTO Pokemon VALUES(15, 'Beedrill', 100, 29500);
INSERT INTO Pokemon VALUES(16, 'Pidgey', 30, 1800);
INSERT INTO Pokemon VALUES(17, 'Pidgeotto', 110, 30000);
INSERT INTO Pokemon VALUES(18, 'Pidgeot', 150, 39500);
INSERT INTO Pokemon VALUES(19, 'Rattata', 30, 3500);
INSERT INTO Pokemon VALUES(20, 'Raticate', 70, 18500);
INSERT INTO Pokemon VALUES(21, 'Spearow', 30, 2000);
INSERT INTO Pokemon VALUES(22, 'Fearow', 120, 38000);
INSERT INTO Pokemon VALUES(23, 'Ekans', 200, 6900);
INSERT INTO Pokemon VALUES(24, 'Arbok', 350, 65000);
INSERT INTO Pokemon VALUES(25, 'Pikachu', 40, 6000);
INSERT INTO Pokemon VALUES(26, 'Raichu', 80, 30000);
INSERT INTO Pokemon VALUES(27, 'Sandshrew', 60, 12000);
INSERT INTO Pokemon VALUES(28, 'Sandslash', 100, 29500);
INSERT INTO Pokemon VALUES(29, 'Nidoran', 40, 700);
INSERT INTO Pokemon VALUES(30, 'Nidorina', 80, 20000);
INSERT INTO Pokemon VALUES(31, 'Nidoqueen', 130, 60000);
INSERT INTO Pokemon VALUES(32, 'Nidoran', 50, 9000);
INSERT INTO Pokemon VALUES(33, 'Nidorino', 90, 19500);
INSERT INTO Pokemon VALUES(34, 'Nidoking', 140, 62000);
INSERT INTO Pokemon VALUES(35, 'Clefairy', 60, 7500);
INSERT INTO Pokemon VALUES(36, 'Clefable', 130, 40000);
INSERT INTO Pokemon VALUES(37, 'Vulpix', 60, 9900);
INSERT INTO Pokemon VALUES(38, 'Ninetales', 110, 19900);
INSERT INTO Pokemon VALUES(39, 'Jigglypuff', 50, 5500);
INSERT INTO Pokemon VALUES(40, 'Wigglytuff', 100, 12000);
INSERT INTO Pokemon VALUES(41, 'Zubat', 80, 7500);
INSERT INTO Pokemon VALUES(42, 'Golbat', 160, 55000);
INSERT INTO Pokemon VALUES(43, 'Oddish', 50, 5400);
INSERT INTO Pokemon VALUES(44, 'Gloom', 80, 8600);
INSERT INTO Pokemon VALUES(45, 'Vileplume', 120, 18600);
INSERT INTO Pokemon VALUES(46, 'Paras', 30, 5400);
INSERT INTO Pokemon VALUES(47, 'Parasect', 100, 29500);
INSERT INTO Pokemon VALUES(48, 'Venonat', 100, 30000);
INSERT INTO Pokemon VALUES(49, 'Venomoth', 150, 12500);
INSERT INTO Pokemon VALUES(50, 'Diglett', 20, 800);
INSERT INTO Pokemon VALUES(51, 'Dugtrio', 70, 33300);
INSERT INTO Pokemon VALUES(52, 'Meowth', 40, 4200);
INSERT INTO Pokemon VALUES(53, 'Persian', 100, 3200);
INSERT INTO Pokemon VALUES(54, 'Psyduck', 80, 19600);
INSERT INTO Pokemon VALUES(55, 'Golduck', 170, 76600);
INSERT INTO Pokemon VALUES(56, 'Mankey', 50, 28000);
INSERT INTO Pokemon VALUES(57, 'Primeape', 100, 32000);
INSERT INTO Pokemon VALUES(58, 'Growlithe', 70, 19000);
INSERT INTO Pokemon VALUES(59, 'Arcanine', 190, 155000);
INSERT INTO Pokemon VALUES(60, 'Poliwag', 60, 12400);
INSERT INTO Pokemon VALUES(61, 'Poliwhirl', 100, 20000);
INSERT INTO Pokemon VALUES(62, 'Poliwrath', 130, 54000);
INSERT INTO Pokemon VALUES(63, 'Abra', 90, 19500); 
INSERT INTO Pokemon VALUES(64, 'Kadabra', 130, 56500);
INSERT INTO Pokemon VALUES(65, 'Alakazam', 150, 48000);
INSERT INTO Pokemon VALUES(66, 'Machop', 80, 19500);
INSERT INTO Pokemon VALUES(67, 'Machoke', 150, 70500);
INSERT INTO Pokemon VALUES(68, 'Machamp', 160, 130000);
INSERT INTO Pokemon VALUES(69, 'Belsprout', 70, 4000);
INSERT INTO Pokemon VALUES(70, 'Weepinbell', 100, 6400);
INSERT INTO Pokemon VALUES(71, 'Vectreebel', 170, 15500);
INSERT INTO Pokemon VALUES(72, 'Tentacool', 90, 45500);
INSERT INTO Pokemon VALUES(73, 'Tentacruel', 160, 55000);
INSERT INTO Pokemon VALUES(74, 'Geodude', 40, 20000);            
INSERT INTO Pokemon VALUES(75, 'Graveler', 100, 105000);
INSERT INTO Pokemon VALUES(76, 'Golem', 140, 300000);
INSERT INTO Pokemon VALUES(77, 'Ponyta', 100, 30000);
INSERT INTO Pokemon VALUES(78, 'Rapidash', 170, 95000);
INSERT INTO Pokemon VALUES(79, 'Slowpoke', 120, 36000);
INSERT INTO Pokemon VALUES(80, 'Slowbro', 160, 78500);
INSERT INTO Pokemon VALUES(81, 'Magnemite', 30, 6000);
INSERT INTO Pokemon VALUES(82, 'Magneton', 100, 60000);
INSERT INTO Pokemon VALUES(83, 'Farfetchd', 80, 15000);
INSERT INTO Pokemon VALUES(84, 'Doduo', 140, 39200);
INSERT INTO Pokemon VALUES(85, 'Dodrio', 180, 85200);
INSERT INTO Pokemon VALUES(86, 'Seel', 110, 90000);
INSERT INTO Pokemon VALUES(87, 'Dewgong', 170, 120000);
INSERT INTO Pokemon VALUES(88, 'Grimer', 90, 30000);
INSERT INTO Pokemon VALUES(89, 'Muk', 120, 30000);
INSERT INTO Pokemon VALUES(90, 'Shellder', 30, 4000);
INSERT INTO Pokemon VALUES(91, 'Cloyster', 150, 132500);
INSERT INTO Pokemon VALUES(92, 'Gastly', 130, 100);
INSERT INTO Pokemon VALUES(93, 'Haunter', 160, 100);
INSERT INTO Pokemon VALUES(94, 'Gengar', 150, 40500);
INSERT INTO Pokemon VALUES(95, 'Onix', 880, 210000);
INSERT INTO Pokemon VALUES(96, 'Drowzee', 100, 32400);
INSERT INTO Pokemon VALUES(97, 'Hypno', 160, 75600);
INSERT INTO Pokemon VALUES(98, 'Krabby', 40, 6500);
INSERT INTO Pokemon VALUES(99, 'Kingler', 130, 60000);
INSERT INTO Pokemon VALUES(100, 'Voltorb', 50, 10400);
INSERT INTO Pokemon VALUES(101, 'Electrode', 120, 66600);
INSERT INTO Pokemon VALUES(102, 'Exeggcute', 40, 2500);
INSERT INTO Pokemon VALUES(103, 'Exeggutor', 200, 120000);
INSERT INTO Pokemon VALUES(104, 'Cubone', 40, 6500);
INSERT INTO Pokemon VALUES(105, 'Marowak', 100, 45000);
INSERT INTO Pokemon VALUES(106, 'Hitmonlee', 150, 49800);
INSERT INTO Pokemon VALUES(107, 'Hitmonchan', 140, 50200);
INSERT INTO Pokemon VALUES(108, 'Lickitung', 120, 65500);
INSERT INTO Pokemon VALUES(109, 'Koffing', 60, 1000);
INSERT INTO Pokemon VALUES(110, 'Weezing', 120, 9500);
INSERT INTO Pokemon VALUES(111, 'Rhyhorn', 100, 115000);
INSERT INTO Pokemon VALUES(112, 'Rhydon', 190, 120000);
INSERT INTO Pokemon VALUES(113, 'Chansey', 110, 34600);
INSERT INTO Pokemon VALUES(114, 'Tangela', 100, 35000);
INSERT INTO Pokemon VALUES(115, 'Kangaskhan', 220, 80000);
INSERT INTO Pokemon VALUES(116, 'Horsea', 40, 8000);
INSERT INTO Pokemon VALUES(117, 'Seadra', 120, 25000);
INSERT INTO Pokemon VALUES(118, 'Goldeen', 60, 15000);
INSERT INTO Pokemon VALUES(119, 'Seaking', 130, 39000);
INSERT INTO Pokemon VALUES(120, 'Staryu', 80, 34500);
INSERT INTO Pokemon VALUES(121, 'Starmie', 110, 80000);
INSERT INTO Pokemon VALUES(122, 'Mr. Mime', 130, 54500);
INSERT INTO Pokemon VALUES(123, 'Scyther', 150, 56000);
INSERT INTO Pokemon VALUES(124, 'Jynx', 140, 40600);
INSERT INTO Pokemon VALUES(125, 'Electabuzz', 110, 30000);
INSERT INTO Pokemon VALUES(126, 'Magmar', 130, 44500);
INSERT INTO Pokemon VALUES(127, 'Pinsir', 150, 55000);
INSERT INTO Pokemon VALUES(128, 'Tauros', 140, 88400);
INSERT INTO Pokemon VALUES(129, 'Magikarp', 90, 10000);
INSERT INTO Pokemon VALUES(130, 'Gyarados', 650, 235000);
INSERT INTO Pokemon VALUES(131, 'Lapras', 250, 220000);
INSERT INTO Pokemon VALUES(132, 'Ditto', 30, 4000);
INSERT INTO Pokemon VALUES(133, 'Eevee', 30, 6500);
INSERT INTO Pokemon VALUES(134, 'Vaporeon', 100, 29000);
INSERT INTO Pokemon VALUES(135, 'Jolteon', 80, 24500);
INSERT INTO Pokemon VALUES(136, 'Flareon', 90, 25000);
INSERT INTO Pokemon VALUES(137, 'Porygon', 80, 36500);
INSERT INTO Pokemon VALUES(138, 'Omanyte', 40, 7500);
INSERT INTO Pokemon VALUES(139, 'Omastar', 100, 35000);
INSERT INTO Pokemon VALUES(140, 'Kabuto', 50, 11500);
INSERT INTO Pokemon VALUES(141, 'Kabutops', 130, 40500);
INSERT INTO Pokemon VALUES(142, 'Aerodactyl', 180, 59000);
INSERT INTO Pokemon VALUES(143, 'Snorlax', 210, 460000);
INSERT INTO Pokemon VALUES(144, 'Articuno', 170, 55400);
INSERT INTO Pokemon VALUES(145, 'Zapdos', 160, 52600);
INSERT INTO Pokemon VALUES(146, 'Moltres', 200, 60000);
INSERT INTO Pokemon VALUES(147, 'Dratini', 180, 3300);
INSERT INTO Pokemon VALUES(148, 'Dragonair', 400, 16500);
INSERT INTO Pokemon VALUES(149, 'Dragonite', 220, 210000);
INSERT INTO Pokemon VALUES(150, 'Mewtwo', 200, 122000);
INSERT INTO Pokemon VALUES(151, 'Mew', 40, 4000);


CREATE TABLE TEM_TIPO(
	pokemon_id INT,
    tipo VARCHAR(20),
    PRIMARY KEY(pokemon_id, tipo)
);

INSERT INTO TEM_TIPO VALUES(1, 'grama');
INSERT INTO TEM_TIPO VALUES(1, 'venenoso');
INSERT INTO TEM_TIPO VALUES(2, 'grama');
INSERT INTO TEM_TIPO VALUES(2, 'venenoso');
INSERT INTO TEM_TIPO VALUES(3, 'grama');
INSERT INTO TEM_TIPO VALUES(3, 'venenoso');
INSERT INTO TEM_TIPO VALUES(4, 'fogo');
INSERT INTO TEM_TIPO VALUES(5, 'fogo');
INSERT INTO TEM_TIPO VALUES(6, 'fogo');
INSERT INTO TEM_TIPO VALUES(7, 'agua');
INSERT INTO TEM_TIPO VALUES(8, 'agua');
INSERT INTO TEM_TIPO VALUES(9, 'agua');
INSERT INTO TEM_TIPO VALUES(10, 'inseto');
INSERT INTO TEM_TIPO VALUES(11, 'inseto');
INSERT INTO TEM_TIPO VALUES(12, 'inseto');
INSERT INTO TEM_TIPO VALUES(12, 'voador');
INSERT INTO TEM_TIPO VALUES(13, 'inseto');
INSERT INTO TEM_TIPO VALUES(13, 'voador');
INSERT INTO TEM_TIPO VALUES(14, 'inseto');
INSERT INTO TEM_TIPO VALUES(14, 'venenoso');
INSERT INTO TEM_TIPO VALUES(15, 'inseto');
INSERT INTO TEM_TIPO VALUES(15, 'venenoso');
INSERT INTO TEM_TIPO VALUES(16, 'normal');
INSERT INTO TEM_TIPO VALUES(16, 'voador');
INSERT INTO TEM_TIPO VALUES(17, 'normal');
INSERT INTO TEM_TIPO VALUES(17, 'voador');
INSERT INTO TEM_TIPO VALUES(18, 'normal');
INSERT INTO TEM_TIPO VALUES(18, 'voador');
INSERT INTO TEM_TIPO VALUES(19, 'normal');
INSERT INTO TEM_TIPO VALUES(20, 'normal');
INSERT INTO TEM_TIPO VALUES(21, 'normal');
INSERT INTO TEM_TIPO VALUES(21, 'voador');
INSERT INTO TEM_TIPO VALUES(22, 'normal');
INSERT INTO TEM_TIPO VALUES(22, 'voador');
INSERT INTO TEM_TIPO VALUES(23, 'venenoso');
INSERT INTO TEM_TIPO VALUES(24, 'venenoso');
INSERT INTO TEM_TIPO VALUES(25, 'eletrico');
INSERT INTO TEM_TIPO VALUES(26, 'eletrico');
INSERT INTO TEM_TIPO VALUES(27, 'terra');
INSERT INTO TEM_TIPO VALUES(28, 'terra');
INSERT INTO TEM_TIPO VALUES(29, 'venenoso');
INSERT INTO TEM_TIPO VALUES(30, 'venenoso');
INSERT INTO TEM_TIPO VALUES(31, 'venenoso');
INSERT INTO TEM_TIPO VALUES(31, 'terra');
INSERT INTO TEM_TIPO VALUES(32, 'venenoso');
INSERT INTO TEM_TIPO VALUES(33, 'venenoso');
INSERT INTO TEM_TIPO VALUES(34, 'venenoso');
INSERT INTO TEM_TIPO VALUES(34, 'terra');
INSERT INTO TEM_TIPO VALUES(35, 'fada');
INSERT INTO TEM_TIPO VALUES(36, 'fada');
INSERT INTO TEM_TIPO VALUES(37, 'fogo');
INSERT INTO TEM_TIPO VALUES(38, 'fogo');
INSERT INTO TEM_TIPO VALUES(39, 'normal');
INSERT INTO TEM_TIPO VALUES(39, 'fada');
INSERT INTO TEM_TIPO VALUES(40, 'normal');
INSERT INTO TEM_TIPO VALUES(40, 'fada');
INSERT INTO TEM_TIPO VALUES(41, 'venenoso');
INSERT INTO TEM_TIPO VALUES(41, 'voador');
INSERT INTO TEM_TIPO VALUES(42, 'venenoso');
INSERT INTO TEM_TIPO VALUES(42, 'voador');
INSERT INTO TEM_TIPO VALUES(43, 'grama');
INSERT INTO TEM_TIPO VALUES(43, 'venenoso');
INSERT INTO TEM_TIPO VALUES(44, 'grama');
INSERT INTO TEM_TIPO VALUES(44, 'venenoso');
INSERT INTO TEM_TIPO VALUES(45, 'grama');
INSERT INTO TEM_TIPO VALUES(45, 'venenoso');
INSERT INTO TEM_TIPO VALUES(46, 'inseto');
INSERT INTO TEM_TIPO VALUES(46, 'grama');
INSERT INTO TEM_TIPO VALUES(47, 'inseto');
INSERT INTO TEM_TIPO VALUES(47, 'grama');
INSERT INTO TEM_TIPO VALUES(48, 'inseto');
INSERT INTO TEM_TIPO VALUES(48, 'venenoso');
INSERT INTO TEM_TIPO VALUES(49, 'inseto');
INSERT INTO TEM_TIPO VALUES(49, 'venenoso');
INSERT INTO TEM_TIPO VALUES(50, 'terra');
INSERT INTO TEM_TIPO VALUES(51, 'terra');
INSERT INTO TEM_TIPO VALUES(52, 'normal');
INSERT INTO TEM_TIPO VALUES(53, 'normal');
INSERT INTO TEM_TIPO VALUES(54, 'agua');
INSERT INTO TEM_TIPO VALUES(55, 'agua');
INSERT INTO TEM_TIPO VALUES(56, 'lutador');
INSERT INTO TEM_TIPO VALUES(57, 'lutador');
INSERT INTO TEM_TIPO VALUES(58, 'fogo');
INSERT INTO TEM_TIPO VALUES(59, 'fogo');
INSERT INTO TEM_TIPO VALUES(60, 'agua');
INSERT INTO TEM_TIPO VALUES(61, 'agua');
INSERT INTO TEM_TIPO VALUES(62, 'agua');
INSERT INTO TEM_TIPO VALUES(62, 'lutador');
INSERT INTO TEM_TIPO VALUES(63, 'psiquico');
INSERT INTO TEM_TIPO VALUES(64, 'psiquico');
INSERT INTO TEM_TIPO VALUES(65, 'psiquico');
INSERT INTO TEM_TIPO VALUES(66, 'lutador');
INSERT INTO TEM_TIPO VALUES(67, 'lutador');
INSERT INTO TEM_TIPO VALUES(68, 'lutador');
INSERT INTO TEM_TIPO VALUES(69, 'grama');
INSERT INTO TEM_TIPO VALUES(69, 'venenoso');
INSERT INTO TEM_TIPO VALUES(70, 'grama');
INSERT INTO TEM_TIPO VALUES(70, 'venenoso');
INSERT INTO TEM_TIPO VALUES(71, 'grama');
INSERT INTO TEM_TIPO VALUES(71, 'venenoso');
INSERT INTO TEM_TIPO VALUES(72, 'agua');
INSERT INTO TEM_TIPO VALUES(72, 'venenoso');
INSERT INTO TEM_TIPO VALUES(73, 'agua');
INSERT INTO TEM_TIPO VALUES(73, 'venenoso');
INSERT INTO TEM_TIPO VALUES(74, 'pedra');
INSERT INTO TEM_TIPO VALUES(74, 'aco');
INSERT INTO TEM_TIPO VALUES(74, 'lutador');
INSERT INTO TEM_TIPO VALUES(74, 'terra');
INSERT INTO TEM_TIPO VALUES(75, 'pedra');
INSERT INTO TEM_TIPO VALUES(75, 'aco');
INSERT INTO TEM_TIPO VALUES(75, 'lutador');
INSERT INTO TEM_TIPO VALUES(75, 'terra');
INSERT INTO TEM_TIPO VALUES(76, 'pedra');
INSERT INTO TEM_TIPO VALUES(76, 'aco');
INSERT INTO TEM_TIPO VALUES(76, 'lutador');
INSERT INTO TEM_TIPO VALUES(76, 'terra');
INSERT INTO TEM_TIPO VALUE(77, 'fogo');
INSERT INTO TEM_TIPO VALUE(78, 'fogo');
INSERT INTO TEM_TIPO VALUE(79, 'agua');
INSERT INTO TEM_TIPO VALUE(79, 'psiquico');
INSERT INTO TEM_TIPO VALUE(80, 'agua');
INSERT INTO TEM_TIPO VALUE(80, 'psiquico');
INSERT INTO TEM_TIPO VALUE(81, 'eletrico');
INSERT INTO TEM_TIPO VALUE(81, 'metal');
INSERT INTO TEM_TIPO VALUE(82, 'eletrico');
INSERT INTO TEM_TIPO VALUE(82, 'metal');
INSERT INTO TEM_TIPO VALUE(83, 'normal');
INSERT INTO TEM_TIPO VALUE(83, 'voador');
INSERT INTO TEM_TIPO VALUE(84, 'normal');
INSERT INTO TEM_TIPO VALUE(84, 'voador');
INSERT INTO TEM_TIPO VALUE(85, 'normal');
INSERT INTO TEM_TIPO VALUE(85, 'voador');
INSERT INTO TEM_TIPO VALUE(86, 'agua');
INSERT INTO TEM_TIPO VALUE(87, 'agua');
INSERT INTO TEM_TIPO VALUE(87, 'gelo');
INSERT INTO TEM_TIPO VALUE(88, 'venenoso');
INSERT INTO TEM_TIPO VALUE(89, 'venenoso');
INSERT INTO TEM_TIPO VALUE(90, 'agua');
INSERT INTO TEM_TIPO VALUE(91, 'agua');
INSERT INTO TEM_TIPO VALUE(91, 'gelo');
INSERT INTO TEM_TIPO VALUE(92, 'fantasma');
INSERT INTO TEM_TIPO VALUE(92, 'venenoso');
INSERT INTO TEM_TIPO VALUE(93, 'fantasma');
INSERT INTO TEM_TIPO VALUE(93, 'venenoso');
INSERT INTO TEM_TIPO VALUE(94, 'fantasma');
INSERT INTO TEM_TIPO VALUE(94, 'venenoso');
INSERT INTO TEM_TIPO VALUE(95, 'pedra');
INSERT INTO TEM_TIPO VALUE(95, 'terra');
INSERT INTO TEM_TIPO VALUE(96, 'psiquico');
INSERT INTO TEM_TIPO VALUE(96, 'fantasma');
INSERT INTO TEM_TIPO VALUE(97, 'psiquico');
INSERT INTO TEM_TIPO VALUE(98, 'agua');
INSERT INTO TEM_TIPO VALUE(99, 'agua');
INSERT INTO TEM_TIPO VALUE(100, 'eletrico');
INSERT INTO TEM_TIPO VALUE(101, 'eletrico');
INSERT INTO TEM_TIPO VALUE(102, 'grama');
INSERT INTO TEM_TIPO VALUE(102, 'psiquico');
INSERT INTO TEM_TIPO VALUE(103, 'grama');
INSERT INTO TEM_TIPO VALUE(103, 'psiquico');
INSERT INTO TEM_TIPO VALUE(104, 'terra');
INSERT INTO TEM_TIPO VALUE(105, 'terra');
INSERT INTO TEM_TIPO VALUE(106, 'lutador');
INSERT INTO TEM_TIPO VALUE(107, 'lutador');
INSERT INTO TEM_TIPO VALUE(108, 'normal');
INSERT INTO TEM_TIPO VALUE(109, 'venenoso');
INSERT INTO TEM_TIPO VALUE(110, 'venenoso');
INSERT INTO TEM_TIPO VALUE(111, 'terra');
INSERT INTO TEM_TIPO VALUE(111, 'pedra');
INSERT INTO TEM_TIPO VALUE(112, 'terra');
INSERT INTO TEM_TIPO VALUE(112, 'pedra');
INSERT INTO TEM_TIPO VALUE(113, 'normal');
INSERT INTO TEM_TIPO VALUE(114, 'grama');
INSERT INTO TEM_TIPO VALUE(115, 'normal');
INSERT INTO TEM_TIPO VALUE(116, 'agua');
INSERT INTO TEM_TIPO VALUE(117, 'agua');
INSERT INTO TEM_TIPO VALUE(118, 'agua');
INSERT INTO TEM_TIPO VALUE(119, 'agua');
INSERT INTO TEM_TIPO VALUE(120, 'agua');
INSERT INTO TEM_TIPO VALUE(121, 'agua');
INSERT INTO TEM_TIPO VALUE(121, 'psiquico');
INSERT INTO TEM_TIPO VALUE(122, 'psiquico');
INSERT INTO TEM_TIPO VALUE(122, 'fada');
INSERT INTO TEM_TIPO VALUE(123, 'inseto');
INSERT INTO TEM_TIPO VALUE(123, 'voador');
INSERT INTO TEM_TIPO VALUE(124, 'gelo');
INSERT INTO TEM_TIPO VALUE(124, 'psiquico');
INSERT INTO TEM_TIPO VALUE(125, 'eletrico');
INSERT INTO TEM_TIPO VALUE(126, 'fogo');
INSERT INTO TEM_TIPO VALUE(127, 'inseto');
INSERT INTO TEM_TIPO VALUE(128, 'normal');
INSERT INTO TEM_TIPO VALUE(129, 'agua');
INSERT INTO TEM_TIPO VALUE(130, 'agua');
INSERT INTO TEM_TIPO VALUE(131, 'agua');
INSERT INTO TEM_TIPO VALUE(132, 'normal');
INSERT INTO TEM_TIPO VALUE(133, 'normal');
INSERT INTO TEM_TIPO VALUE(134, 'agua');
INSERT INTO TEM_TIPO VALUE(135, 'eletrico');
INSERT INTO TEM_TIPO VALUE(136, 'fogo');
INSERT INTO TEM_TIPO VALUE(137, 'normal');
INSERT INTO TEM_TIPO VALUE(138, 'pedra');
INSERT INTO TEM_TIPO VALUE(138, 'agua');
INSERT INTO TEM_TIPO VALUE(139, 'pedra');
INSERT INTO TEM_TIPO VALUE(139, 'agua');
INSERT INTO TEM_TIPO VALUE(140, 'pedra');
INSERT INTO TEM_TIPO VALUE(140, 'agua');
INSERT INTO TEM_TIPO VALUE(141, 'pedra');
INSERT INTO TEM_TIPO VALUE(141, 'agua');
INSERT INTO TEM_TIPO VALUE(142, 'pedra');
INSERT INTO TEM_TIPO VALUE(142, 'voador');
INSERT INTO TEM_TIPO VALUE(143, 'normal');
INSERT INTO TEM_TIPO VALUE(144, 'gelo');
INSERT INTO TEM_TIPO VALUE(144, 'voador');
INSERT INTO TEM_TIPO VALUE(145, 'eletrico');
INSERT INTO TEM_TIPO VALUE(145, 'voador');
INSERT INTO TEM_TIPO VALUE(146, 'fogo');
INSERT INTO TEM_TIPO VALUE(146, 'voador');
INSERT INTO TEM_TIPO VALUE(147, 'dragao');
INSERT INTO TEM_TIPO VALUE(148, 'dragao');
INSERT INTO TEM_TIPO VALUE(149, 'dragao');
INSERT INTO TEM_TIPO VALUE(150, 'psiquico');
INSERT INTO TEM_TIPO VALUE(151, 'psiquico');

CREATE TABLE FRAQUEZA(
	pokemon_id INT,
    tipo VARCHAR(20),
    PRIMARY KEY(pokemon_id, tipo)
);
INSERT INTO FRAQUEZA VALUE(1, 'fogo');
INSERT INTO FRAQUEZA VALUE(1, 'gelo');
INSERT INTO FRAQUEZA VALUE(1, 'voador');
INSERT INTO FRAQUEZA VALUE(1, 'psiquico');
INSERT INTO FRAQUEZA VALUE(2, 'fogo');
INSERT INTO FRAQUEZA VALUE(2, 'gelo');
INSERT INTO FRAQUEZA VALUE(2, 'voador');
INSERT INTO FRAQUEZA VALUE(2, 'psiquico');
INSERT INTO FRAQUEZA VALUE(3, 'fogo');
INSERT INTO FRAQUEZA VALUE(3, 'gelo');
INSERT INTO FRAQUEZA VALUE(3, 'voador');
INSERT INTO FRAQUEZA VALUE(3, 'psiquico');
INSERT INTO FRAQUEZA VALUE(4, 'agua');
INSERT INTO FRAQUEZA VALUE(4, 'terra');
INSERT INTO FRAQUEZA VALUE(4, 'pedra');
INSERT INTO FRAQUEZA VALUE(5, 'agua');
INSERT INTO FRAQUEZA VALUE(5, 'terra');
INSERT INTO FRAQUEZA VALUE(5, 'pedra');
INSERT INTO FRAQUEZA VALUE(6, 'agua');
INSERT INTO FRAQUEZA VALUE(6, 'eletrico');
INSERT INTO FRAQUEZA VALUE(6, 'pedra');
INSERT INTO FRAQUEZA VALUE(7, 'grama');
INSERT INTO FRAQUEZA VALUE(7, 'eletrico');
INSERT INTO FRAQUEZA VALUE(8, 'grama');
INSERT INTO FRAQUEZA VALUE(8, 'eletrico');
INSERT INTO FRAQUEZA VALUE(9, 'grama');
INSERT INTO FRAQUEZA VALUE(9, 'eletrico');
INSERT INTO FRAQUEZA VALUE(10, 'fogo');
INSERT INTO FRAQUEZA VALUE(10, 'voador');
INSERT INTO FRAQUEZA VALUE(10, 'pedra');
INSERT INTO FRAQUEZA VALUE(11, 'fogo');
INSERT INTO FRAQUEZA VALUE(11, 'voador');
INSERT INTO FRAQUEZA VALUE(11, 'pedra');
INSERT INTO FRAQUEZA VALUE(12, 'fogo');
INSERT INTO FRAQUEZA VALUE(12, 'voador');
INSERT INTO FRAQUEZA VALUE(12, 'eletrico');
INSERT INTO FRAQUEZA VALUE(12, 'gelo');
INSERT INTO FRAQUEZA VALUE(13, 'fogo');
INSERT INTO FRAQUEZA VALUE(13, 'psiquico');
INSERT INTO FRAQUEZA VALUE(13, 'voador');
INSERT INTO FRAQUEZA VALUE(13, 'pedra');
INSERT INTO FRAQUEZA VALUE(14, 'fogo');
INSERT INTO FRAQUEZA VALUE(14, 'psiquico');
INSERT INTO FRAQUEZA VALUE(14, 'voador');
INSERT INTO FRAQUEZA VALUE(14, 'pedra');
INSERT INTO FRAQUEZA VALUE(15, 'fogo');
INSERT INTO FRAQUEZA VALUE(15, 'psiquico');
INSERT INTO FRAQUEZA VALUE(15, 'voador');
INSERT INTO FRAQUEZA VALUE(15, 'pedra');
INSERT INTO FRAQUEZA VALUE(16, 'eletrico');
INSERT INTO FRAQUEZA VALUE(16, 'gelo');
INSERT INTO FRAQUEZA VALUE(16, 'pedra');
INSERT INTO FRAQUEZA VALUE(17, 'eletrico');
INSERT INTO FRAQUEZA VALUE(17, 'gelo');
INSERT INTO FRAQUEZA VALUE(17, 'pedra');
INSERT INTO FRAQUEZA VALUE(18, 'eletrico');
INSERT INTO FRAQUEZA VALUE(18, 'gelo');
INSERT INTO FRAQUEZA VALUE(18, 'pedra');
INSERT INTO FRAQUEZA VALUE(19, 'lutador');
INSERT INTO FRAQUEZA VALUE(20, 'lutador');
INSERT INTO FRAQUEZA VALUE(21, 'eletrico');
INSERT INTO FRAQUEZA VALUE(21, 'gelo');
INSERT INTO FRAQUEZA VALUE(21, 'pedra');
INSERT INTO FRAQUEZA VALUE(22, 'eletrico');
INSERT INTO FRAQUEZA VALUE(22, 'gelo');
INSERT INTO FRAQUEZA VALUE(22, 'pedra');
INSERT INTO FRAQUEZA VALUE(23, 'psiquico');
INSERT INTO FRAQUEZA VALUE(23, 'terra');
INSERT INTO FRAQUEZA VALUE(24, 'psiquico');
INSERT INTO FRAQUEZA VALUE(24, 'terra');
INSERT INTO FRAQUEZA VALUE(25, 'terra');
INSERT INTO FRAQUEZA VALUE(26, 'terra');
INSERT INTO FRAQUEZA VALUE(27, 'agua');
INSERT INTO FRAQUEZA VALUE(27, 'grama');
INSERT INTO FRAQUEZA VALUE(27, 'gelo');
INSERT INTO FRAQUEZA VALUE(28, 'agua');
INSERT INTO FRAQUEZA VALUE(28, 'grama');
INSERT INTO FRAQUEZA VALUE(28, 'gelo');
INSERT INTO FRAQUEZA VALUE(29, 'psiquico');
INSERT INTO FRAQUEZA VALUE(29, 'terra');
INSERT INTO FRAQUEZA VALUE(30, 'psiquico');
INSERT INTO FRAQUEZA VALUE(30, 'terra');
INSERT INTO FRAQUEZA VALUE(31, 'agua');
INSERT INTO FRAQUEZA VALUE(31, 'psiquico');
INSERT INTO FRAQUEZA VALUE(31, 'gelo');
INSERT INTO FRAQUEZA VALUE(31, 'terra');
INSERT INTO FRAQUEZA VALUE(32, 'psiquico');
INSERT INTO FRAQUEZA VALUE(32, 'terra');
INSERT INTO FRAQUEZA VALUE(33, 'psiquico');
INSERT INTO FRAQUEZA VALUE(33, 'terra');
INSERT INTO FRAQUEZA VALUE(34, 'agua');
INSERT INTO FRAQUEZA VALUE(34, 'psiquico');
INSERT INTO FRAQUEZA VALUE(34, 'gelo');
INSERT INTO FRAQUEZA VALUE(34, 'terra');
INSERT INTO FRAQUEZA VALUE(35, 'metal');
INSERT INTO FRAQUEZA VALUE(35, 'venenoso');
INSERT INTO FRAQUEZA VALUE(36, 'metal');
INSERT INTO FRAQUEZA VALUE(36, 'venenoso');
INSERT INTO FRAQUEZA VALUE(37, 'agua');
INSERT INTO FRAQUEZA VALUE(37, 'terra');
INSERT INTO FRAQUEZA VALUE(37, 'pedra');
INSERT INTO FRAQUEZA VALUE(38, 'agua');
INSERT INTO FRAQUEZA VALUE(38, 'terra');
INSERT INTO FRAQUEZA VALUE(38, 'pedra');
INSERT INTO FRAQUEZA VALUE(39, 'metal');
INSERT INTO FRAQUEZA VALUE(39, 'venenoso');
INSERT INTO FRAQUEZA VALUE(40, 'metal');
INSERT INTO FRAQUEZA VALUE(40, 'venenoso');
INSERT INTO FRAQUEZA VALUE(41, 'fisico');
INSERT INTO FRAQUEZA VALUE(41, 'eletrico');
INSERT INTO FRAQUEZA VALUE(41, 'gelo');
INSERT INTO FRAQUEZA VALUE(41, 'pedra');
INSERT INTO FRAQUEZA VALUE(42, 'fisico');
INSERT INTO FRAQUEZA VALUE(42, 'eletrico');
INSERT INTO FRAQUEZA VALUE(42, 'gelo');
INSERT INTO FRAQUEZA VALUE(42, 'pedra');
INSERT INTO FRAQUEZA VALUE(43, 'fogo');
INSERT INTO FRAQUEZA VALUE(43, 'psiquico');
INSERT INTO FRAQUEZA VALUE(43, 'voador');
INSERT INTO FRAQUEZA VALUE(43, 'gelo');
INSERT INTO FRAQUEZA VALUE(44, 'fogo');
INSERT INTO FRAQUEZA VALUE(44, 'psiquico');
INSERT INTO FRAQUEZA VALUE(44, 'voador');
INSERT INTO FRAQUEZA VALUE(44, 'gelo');
INSERT INTO FRAQUEZA VALUE(45, 'fogo');
INSERT INTO FRAQUEZA VALUE(45, 'psiquico');
INSERT INTO FRAQUEZA VALUE(45, 'voador');
INSERT INTO FRAQUEZA VALUE(45, 'gelo');
INSERT INTO FRAQUEZA VALUE(46, 'fogo');
INSERT INTO FRAQUEZA VALUE(46, 'venenoso');
INSERT INTO FRAQUEZA VALUE(46, 'voador');
INSERT INTO FRAQUEZA VALUE(46, 'gelo');
INSERT INTO FRAQUEZA VALUE(47, 'fogo');
INSERT INTO FRAQUEZA VALUE(47, 'venenoso');
INSERT INTO FRAQUEZA VALUE(47, 'voador');
INSERT INTO FRAQUEZA VALUE(47, 'gelo');
INSERT INTO FRAQUEZA VALUE(48, 'fogo');
INSERT INTO FRAQUEZA VALUE(48, 'psiquico');
INSERT INTO FRAQUEZA VALUE(48, 'voador');
INSERT INTO FRAQUEZA VALUE(48, 'pedra');
INSERT INTO FRAQUEZA VALUE(49, 'fogo');
INSERT INTO FRAQUEZA VALUE(49, 'psiquico');
INSERT INTO FRAQUEZA VALUE(49, 'voador');
INSERT INTO FRAQUEZA VALUE(49, 'pedra');
INSERT INTO FRAQUEZA VALUE(50, 'agua');
INSERT INTO FRAQUEZA VALUE(50, 'grama');
INSERT INTO FRAQUEZA VALUE(50, 'gelo');
INSERT INTO FRAQUEZA VALUE(51, 'agua');
INSERT INTO FRAQUEZA VALUE(51, 'grama');
INSERT INTO FRAQUEZA VALUE(51, 'gelo');
INSERT INTO FRAQUEZA VALUE(52, 'lutador');
INSERT INTO FRAQUEZA VALUE(53, 'lutador');
INSERT INTO FRAQUEZA VALUE(54, 'grama');
INSERT INTO FRAQUEZA VALUE(54, 'eletrico');
INSERT INTO FRAQUEZA VALUE(55, 'grama');
INSERT INTO FRAQUEZA VALUE(55, 'eletrico');
INSERT INTO FRAQUEZA VALUE(56, 'psiquico');
INSERT INTO FRAQUEZA VALUE(56, 'voador');
INSERT INTO FRAQUEZA VALUE(56, 'fada');
INSERT INTO FRAQUEZA VALUE(57, 'psiquico');
INSERT INTO FRAQUEZA VALUE(57, 'voador');
INSERT INTO FRAQUEZA VALUE(57, 'fada');
INSERT INTO FRAQUEZA VALUE(58, 'agua');
INSERT INTO FRAQUEZA VALUE(58, 'terra');
INSERT INTO FRAQUEZA VALUE(58, 'pedra');
INSERT INTO FRAQUEZA VALUE(59, 'agua');
INSERT INTO FRAQUEZA VALUE(59, 'terra');
INSERT INTO FRAQUEZA VALUE(59, 'pedra');
INSERT INTO FRAQUEZA VALUE(60, 'grama');
INSERT INTO FRAQUEZA VALUE(60, 'eletrico');
INSERT INTO FRAQUEZA VALUE(61, 'grama');
INSERT INTO FRAQUEZA VALUE(61, 'eletrico');
INSERT INTO FRAQUEZA VALUE(62, 'fada');
INSERT INTO FRAQUEZA VALUE(62, 'grama');
INSERT INTO FRAQUEZA VALUE(62, 'voador');
INSERT INTO FRAQUEZA VALUE(62, 'psiquico');
INSERT INTO FRAQUEZA VALUE(62, 'eletrico');
INSERT INTO FRAQUEZA VALUE(63, 'fantasma');
INSERT INTO FRAQUEZA VALUE(63, 'sombrio');
INSERT INTO FRAQUEZA VALUE(63, 'inseto');
INSERT INTO FRAQUEZA VALUE(64, 'fantasma');
INSERT INTO FRAQUEZA VALUE(64, 'sombrio');
INSERT INTO FRAQUEZA VALUE(64, 'inseto');
INSERT INTO FRAQUEZA VALUE(65, 'fantasma');
INSERT INTO FRAQUEZA VALUE(65, 'sombrio');
INSERT INTO FRAQUEZA VALUE(65, 'inseto');
INSERT INTO FRAQUEZA VALUE(66, 'psiquico');
INSERT INTO FRAQUEZA VALUE(66, 'voador');
INSERT INTO FRAQUEZA VALUE(66, 'fada');
INSERT INTO FRAQUEZA VALUE(67, 'psiquico');
INSERT INTO FRAQUEZA VALUE(67, 'voador');
INSERT INTO FRAQUEZA VALUE(67, 'fada');
INSERT INTO FRAQUEZA VALUE(68, 'psiquico');
INSERT INTO FRAQUEZA VALUE(68, 'voador');
INSERT INTO FRAQUEZA VALUE(68, 'fada');
INSERT INTO FRAQUEZA VALUE(69, 'fogo');
INSERT INTO FRAQUEZA VALUE(69, 'psiquico');
INSERT INTO FRAQUEZA VALUE(69, 'voador');
INSERT INTO FRAQUEZA VALUE(69, 'gelo');
INSERT INTO FRAQUEZA VALUE(70, 'fogo');
INSERT INTO FRAQUEZA VALUE(70, 'psiquico');
INSERT INTO FRAQUEZA VALUE(70, 'voador');
INSERT INTO FRAQUEZA VALUE(70, 'gelo');
INSERT INTO FRAQUEZA VALUE(71, 'fogo');
INSERT INTO FRAQUEZA VALUE(71, 'psiquico');
INSERT INTO FRAQUEZA VALUE(71, 'voador');
INSERT INTO FRAQUEZA VALUE(71, 'gelo');
INSERT INTO FRAQUEZA VALUE(72, 'psiquico');
INSERT INTO FRAQUEZA VALUE(72, 'eletrico');
INSERT INTO FRAQUEZA VALUE(72, 'terra');
INSERT INTO FRAQUEZA VALUE(73, 'psiquico');
INSERT INTO FRAQUEZA VALUE(73, 'eletrico');
INSERT INTO FRAQUEZA VALUE(73, 'terra');
INSERT INTO FRAQUEZA VALUE(74, 'agua');
INSERT INTO FRAQUEZA VALUE(74, 'gelo');
INSERT INTO FRAQUEZA VALUE(74, 'grama');
INSERT INTO FRAQUEZA VALUE(74, 'terra');
INSERT INTO FRAQUEZA VALUE(75, 'agua');
INSERT INTO FRAQUEZA VALUE(75, 'gelo');
INSERT INTO FRAQUEZA VALUE(75, 'grama');
INSERT INTO FRAQUEZA VALUE(75, 'terra');
INSERT INTO FRAQUEZA VALUE(76, 'agua');
INSERT INTO FRAQUEZA VALUE(76, 'gelo');
INSERT INTO FRAQUEZA VALUE(76, 'grama');
INSERT INTO FRAQUEZA VALUE(76, 'terra');
INSERT INTO FRAQUEZA VALUE(77, 'agua');
INSERT INTO FRAQUEZA VALUE(77, 'terra');
INSERT INTO FRAQUEZA VALUE(77, 'pedra');
INSERT INTO FRAQUEZA VALUE(78, 'agua');
INSERT INTO FRAQUEZA VALUE(78, 'terra');
INSERT INTO FRAQUEZA VALUE(78, 'pedra');
INSERT INTO FRAQUEZA VALUE(79, 'fantasma');
INSERT INTO FRAQUEZA VALUE(79, 'sombrio');
INSERT INTO FRAQUEZA VALUE(79, 'grama');
INSERT INTO FRAQUEZA VALUE(79, 'eletrico');
INSERT INTO FRAQUEZA VALUE(79, 'inseto');
INSERT INTO FRAQUEZA VALUE(80, 'fantasma');
INSERT INTO FRAQUEZA VALUE(80, 'sombrio');
INSERT INTO FRAQUEZA VALUE(80, 'grama');
INSERT INTO FRAQUEZA VALUE(80, 'eletrico');
INSERT INTO FRAQUEZA VALUE(80, 'inseto');
INSERT INTO FRAQUEZA VALUE(81, 'fogo');
INSERT INTO FRAQUEZA VALUE(81, 'lutador');
INSERT INTO FRAQUEZA VALUE(81, 'terra');
INSERT INTO FRAQUEZA VALUE(82, 'fogo');
INSERT INTO FRAQUEZA VALUE(82, 'lutador');
INSERT INTO FRAQUEZA VALUE(82, 'terra');
INSERT INTO FRAQUEZA VALUE(83, 'eletrico');
INSERT INTO FRAQUEZA VALUE(83, 'gelo');
INSERT INTO FRAQUEZA VALUE(83, 'pedra');
INSERT INTO FRAQUEZA VALUE(84, 'eletrico');
INSERT INTO FRAQUEZA VALUE(84, 'gelo');
INSERT INTO FRAQUEZA VALUE(84, 'pedra');
INSERT INTO FRAQUEZA VALUE(85, 'eletrico');
INSERT INTO FRAQUEZA VALUE(85, 'gelo');
INSERT INTO FRAQUEZA VALUE(85, 'pedra');
INSERT INTO FRAQUEZA VALUE(86, 'grama');
INSERT INTO FRAQUEZA VALUE(86, 'eletrico');
INSERT INTO FRAQUEZA VALUE(87, 'grama');
INSERT INTO FRAQUEZA VALUE(87, 'eletrico');
INSERT INTO FRAQUEZA VALUE(87, 'lutador');
INSERT INTO FRAQUEZA VALUE(87, 'pedra');
INSERT INTO FRAQUEZA VALUE(88, 'psiquico');
INSERT INTO FRAQUEZA VALUE(88, 'terra');
INSERT INTO FRAQUEZA VALUE(89, 'psiquico');
INSERT INTO FRAQUEZA VALUE(89, 'terra');
INSERT INTO FRAQUEZA VALUE(90, 'grama');
INSERT INTO FRAQUEZA VALUE(90, 'eletrico');
INSERT INTO FRAQUEZA VALUE(91, 'grama');
INSERT INTO FRAQUEZA VALUE(91, 'eletrico');
INSERT INTO FRAQUEZA VALUE(91, 'lutador');
INSERT INTO FRAQUEZA VALUE(91, 'pedra');
INSERT INTO FRAQUEZA VALUE(92, 'fantasma');
INSERT INTO FRAQUEZA VALUE(92, 'sombrio');
INSERT INTO FRAQUEZA VALUE(92, 'psiquico');
INSERT INTO FRAQUEZA VALUE(92, 'terra');
INSERT INTO FRAQUEZA VALUE(93, 'fantasma');
INSERT INTO FRAQUEZA VALUE(93, 'sombrio');
INSERT INTO FRAQUEZA VALUE(93, 'psiquico');
INSERT INTO FRAQUEZA VALUE(93, 'terra');
INSERT INTO FRAQUEZA VALUE(94, 'fantasma');
INSERT INTO FRAQUEZA VALUE(94, 'sombrio');
INSERT INTO FRAQUEZA VALUE(94, 'psiquico');
INSERT INTO FRAQUEZA VALUE(94, 'terra');
INSERT INTO FRAQUEZA VALUE(95, 'metal');
INSERT INTO FRAQUEZA VALUE(95, 'lutador');
INSERT INTO FRAQUEZA VALUE(95, 'agua');
INSERT INTO FRAQUEZA VALUE(95, 'gelo');
INSERT INTO FRAQUEZA VALUE(95, 'grama');
INSERT INTO FRAQUEZA VALUE(95, 'terra');
INSERT INTO FRAQUEZA VALUE(96, 'sombrio');
INSERT INTO FRAQUEZA VALUE(96, 'fantasma');
INSERT INTO FRAQUEZA VALUE(97, 'fantasma');
INSERT INTO FRAQUEZA VALUE(97, 'sombrio');
INSERT INTO FRAQUEZA VALUE(97, 'inseto');
INSERT INTO FRAQUEZA VALUE(98, 'grama');
INSERT INTO FRAQUEZA VALUE(98, 'eletrico');
INSERT INTO FRAQUEZA VALUE(99, 'grama');
INSERT INTO FRAQUEZA VALUE(99, 'eletrico');
INSERT INTO FRAQUEZA VALUE(100, 'terra');
INSERT INTO FRAQUEZA VALUE(101, 'terra');
INSERT INTO FRAQUEZA VALUE(102, 'fantasma');
INSERT INTO FRAQUEZA VALUE(102, 'fogo');
INSERT INTO FRAQUEZA VALUE(102, 'voador');
INSERT INTO FRAQUEZA VALUE(102, 'gelo');
INSERT INTO FRAQUEZA VALUE(102, 'sombrio');
INSERT INTO FRAQUEZA VALUE(102, 'venenoso');
INSERT INTO FRAQUEZA VALUE(102, 'inseto');
INSERT INTO FRAQUEZA VALUE(103, 'fantasma');
INSERT INTO FRAQUEZA VALUE(103, 'fogo');
INSERT INTO FRAQUEZA VALUE(103, 'voador');
INSERT INTO FRAQUEZA VALUE(103, 'gelo');
INSERT INTO FRAQUEZA VALUE(103, 'sombrio');
INSERT INTO FRAQUEZA VALUE(103, 'venenoso');
INSERT INTO FRAQUEZA VALUE(103, 'inseto');
INSERT INTO FRAQUEZA VALUE(104, 'agua');
INSERT INTO FRAQUEZA VALUE(104, 'grama');
INSERT INTO FRAQUEZA VALUE(104, 'gelo');
INSERT INTO FRAQUEZA VALUE(105, 'agua');
INSERT INTO FRAQUEZA VALUE(105, 'grama');
INSERT INTO FRAQUEZA VALUE(105, 'gelo');
INSERT INTO FRAQUEZA VALUE(106, 'psiquico');
INSERT INTO FRAQUEZA VALUE(106, 'voador');
INSERT INTO FRAQUEZA VALUE(106, 'fada');
INSERT INTO FRAQUEZA VALUE(107, 'psiquico');
INSERT INTO FRAQUEZA VALUE(107, 'voador');
INSERT INTO FRAQUEZA VALUE(107, 'fada');
INSERT INTO FRAQUEZA VALUE(108, 'lutador');
INSERT INTO FRAQUEZA VALUE(109, 'psiquico');
INSERT INTO FRAQUEZA VALUE(109, 'terra');
INSERT INTO FRAQUEZA VALUE(110, 'psiquico');
INSERT INTO FRAQUEZA VALUE(110, 'terra');
INSERT INTO FRAQUEZA VALUE(111, 'metal');
INSERT INTO FRAQUEZA VALUE(111, 'gelo');
INSERT INTO FRAQUEZA VALUE(111, 'agua');
INSERT INTO FRAQUEZA VALUE(111, 'lutador');
INSERT INTO FRAQUEZA VALUE(111, 'grama');
INSERT INTO FRAQUEZA VALUE(111, 'terra');
INSERT INTO FRAQUEZA VALUE(112, 'metal');
INSERT INTO FRAQUEZA VALUE(112, 'gelo');
INSERT INTO FRAQUEZA VALUE(112, 'agua');
INSERT INTO FRAQUEZA VALUE(112, 'lutador');
INSERT INTO FRAQUEZA VALUE(112, 'grama');
INSERT INTO FRAQUEZA VALUE(112, 'terra');
INSERT INTO FRAQUEZA VALUE(113, 'lutador');
INSERT INTO FRAQUEZA VALUE(114, 'fogo');
INSERT INTO FRAQUEZA VALUE(114, 'voador');
INSERT INTO FRAQUEZA VALUE(114, 'gelo');
INSERT INTO FRAQUEZA VALUE(114, 'venenoso');
INSERT INTO FRAQUEZA VALUE(114, 'inseto');
INSERT INTO FRAQUEZA VALUE(115, 'lutador');
INSERT INTO FRAQUEZA VALUE(116, 'grama');
INSERT INTO FRAQUEZA VALUE(116, 'eletrico');
INSERT INTO FRAQUEZA VALUE(117, 'grama');
INSERT INTO FRAQUEZA VALUE(117, 'eletrico');
INSERT INTO FRAQUEZA VALUE(118, 'grama');
INSERT INTO FRAQUEZA VALUE(118, 'eletrico');
INSERT INTO FRAQUEZA VALUE(119, 'grama');
INSERT INTO FRAQUEZA VALUE(119, 'eletrico');
INSERT INTO FRAQUEZA VALUE(120, 'grama');
INSERT INTO FRAQUEZA VALUE(120, 'eletrico');
INSERT INTO FRAQUEZA VALUE(121, 'fantasma');
INSERT INTO FRAQUEZA VALUE(121, 'sombrio');
INSERT INTO FRAQUEZA VALUE(121, 'grama');
INSERT INTO FRAQUEZA VALUE(121, 'eletrico');
INSERT INTO FRAQUEZA VALUE(121, 'inseto');
INSERT INTO FRAQUEZA VALUE(122, 'fantasma');
INSERT INTO FRAQUEZA VALUE(122, 'sombrio');
INSERT INTO FRAQUEZA VALUE(122, 'venenoso');
INSERT INTO FRAQUEZA VALUE(123, 'fogo');
INSERT INTO FRAQUEZA VALUE(123, 'voador');
INSERT INTO FRAQUEZA VALUE(123, 'eletrico');
INSERT INTO FRAQUEZA VALUE(123, 'gelo');
INSERT INTO FRAQUEZA VALUE(123, 'pedra');
INSERT INTO FRAQUEZA VALUE(124, 'metal');
INSERT INTO FRAQUEZA VALUE(124, 'fantasma');
INSERT INTO FRAQUEZA VALUE(124, 'fogo');
INSERT INTO FRAQUEZA VALUE(124, 'sombrio');
INSERT INTO FRAQUEZA VALUE(124, 'pedra');
INSERT INTO FRAQUEZA VALUE(124, 'inseto');
INSERT INTO FRAQUEZA VALUE(125, 'terra');
INSERT INTO FRAQUEZA VALUE(126, 'agua');
INSERT INTO FRAQUEZA VALUE(126, 'terra');
INSERT INTO FRAQUEZA VALUE(126, 'pedra');
INSERT INTO FRAQUEZA VALUE(127, 'fogo');
INSERT INTO FRAQUEZA VALUE(127, 'voador');
INSERT INTO FRAQUEZA VALUE(127, 'pedra');
INSERT INTO FRAQUEZA VALUE(128, 'lutador');
INSERT INTO FRAQUEZA VALUE(129, 'grama');
INSERT INTO FRAQUEZA VALUE(129, 'eletrico');
INSERT INTO FRAQUEZA VALUE(130, 'eletrico');
INSERT INTO FRAQUEZA VALUE(130, 'pedra');
INSERT INTO FRAQUEZA VALUE(131, 'grama');
INSERT INTO FRAQUEZA VALUE(131, 'eletrico');
INSERT INTO FRAQUEZA VALUE(131, 'lutador');
INSERT INTO FRAQUEZA VALUE(131, 'pedra');
INSERT INTO FRAQUEZA VALUE(132, 'lutador');
INSERT INTO FRAQUEZA VALUE(133, 'lutador');
INSERT INTO FRAQUEZA VALUE(134, 'grama');
INSERT INTO FRAQUEZA VALUE(134, 'eletrico');
INSERT INTO FRAQUEZA VALUE(135, 'terra');
INSERT INTO FRAQUEZA VALUE(136, 'agua');
INSERT INTO FRAQUEZA VALUE(136, 'terra');
INSERT INTO FRAQUEZA VALUE(136, 'pedra');
INSERT INTO FRAQUEZA VALUE(137, 'lutador');
INSERT INTO FRAQUEZA VALUE(138, 'grama');
INSERT INTO FRAQUEZA VALUE(138, 'eletrico');
INSERT INTO FRAQUEZA VALUE(138, 'lutador');
INSERT INTO FRAQUEZA VALUE(138, 'terra');
INSERT INTO FRAQUEZA VALUE(139, 'grama');
INSERT INTO FRAQUEZA VALUE(139, 'eletrico');
INSERT INTO FRAQUEZA VALUE(139, 'lutador');
INSERT INTO FRAQUEZA VALUE(139, 'terra');
INSERT INTO FRAQUEZA VALUE(140, 'grama');
INSERT INTO FRAQUEZA VALUE(140, 'eletrico');
INSERT INTO FRAQUEZA VALUE(140, 'lutador');
INSERT INTO FRAQUEZA VALUE(140, 'terra');
INSERT INTO FRAQUEZA VALUE(141, 'grama');
INSERT INTO FRAQUEZA VALUE(141, 'eletrico');
INSERT INTO FRAQUEZA VALUE(141, 'lutador');
INSERT INTO FRAQUEZA VALUE(141, 'terra');
INSERT INTO FRAQUEZA VALUE(142, 'metal');
INSERT INTO FRAQUEZA VALUE(142, 'agua');
INSERT INTO FRAQUEZA VALUE(142, 'eletrico');
INSERT INTO FRAQUEZA VALUE(142, 'gelo');
INSERT INTO FRAQUEZA VALUE(142, 'pedra');
INSERT INTO FRAQUEZA VALUE(143, 'lutador');
INSERT INTO FRAQUEZA VALUE(144, 'metal');
INSERT INTO FRAQUEZA VALUE(144, 'fogo');
INSERT INTO FRAQUEZA VALUE(144, 'eletrico');
INSERT INTO FRAQUEZA VALUE(144, 'pedra');
INSERT INTO FRAQUEZA VALUE(145, 'gelo');
INSERT INTO FRAQUEZA VALUE(145, 'pedra');
INSERT INTO FRAQUEZA VALUE(146, 'agua');
INSERT INTO FRAQUEZA VALUE(146, 'eletrico');
INSERT INTO FRAQUEZA VALUE(146, 'pedra');
INSERT INTO FRAQUEZA VALUE(147, 'fada');
INSERT INTO FRAQUEZA VALUE(147, 'gelo');
INSERT INTO FRAQUEZA VALUE(147, 'dragao');
INSERT INTO FRAQUEZA VALUE(148, 'fada');
INSERT INTO FRAQUEZA VALUE(148, 'gelo');
INSERT INTO FRAQUEZA VALUE(148, 'dragao');
INSERT INTO FRAQUEZA VALUE(149, 'fada');
INSERT INTO FRAQUEZA VALUE(149, 'dragao');
INSERT INTO FRAQUEZA VALUE(149, 'gelo');
INSERT INTO FRAQUEZA VALUE(149, 'pedra');
INSERT INTO FRAQUEZA VALUE(150, 'fantasma');
INSERT INTO FRAQUEZA VALUE(150, 'sombrio');
INSERT INTO FRAQUEZA VALUE(150, 'inseto');
INSERT INTO FRAQUEZA VALUE(151, 'fantasma');
INSERT INTO FRAQUEZA VALUE(151, 'sombrio');
INSERT INTO FRAQUEZA VALUE(151, 'inseto');

CREATE TABLE Tipo(
    nome VARCHAR(20) NOT NULL,
    PRIMARY KEY(nome)
);

INSERT INTO Tipo VALUES('agua');
INSERT INTO Tipo VALUES('dragao');
INSERT INTO Tipo VALUES('eletrico');
INSERT INTO Tipo VALUES('fada');
INSERT INTO Tipo VALUES('fantasma');
INSERT INTO Tipo VALUES('fogo');
INSERT INTO Tipo VALUES('gelo');
INSERT INTO Tipo VALUES('grama');
INSERT INTO Tipo VALUES('inseto');
INSERT INTO Tipo VALUES('lutador');
INSERT INTO Tipo VALUES('metal');
INSERT INTO Tipo VALUES('normal');
INSERT INTO Tipo VALUES('pedra');
INSERT INTO Tipo VALUES('psiquico');
INSERT INTO Tipo VALUES('venenoso');
INSERT INTO Tipo VALUES('sombrio');
INSERT INTO Tipo VALUES('terra');
INSERT INTO Tipo VALUES('voador');

CREATE TABLE Treinador (
    nome VARCHAR(20) NOT NULL,
    cidade VARCHAR(20),
    PRIMARY KEY(nome)
);

INSERT INTO Treinador VALUES('Brock', 'Pewter City');
INSERT INTO Treinador VALUES('Misty', 'Cerulean City');
INSERT INTO Treinador VALUES('Lt. Surge', 'Vermilion City');
INSERT INTO Treinador VALUES('Erika', 'Celadon City');
INSERT INTO Treinador VALUES('Koga', 'Fuchsia City');
INSERT INTO Treinador VALUES('Sabrina', 'Saffron City');
INSERT INTO Treinador VALUES('Blaine', 'Cinnabar Island');
INSERT INTO Treinador VALUES('Giovanni', 'Viridian City');
INSERT INTO Treinador VALUES('Lorelei', 'Floe Island');
INSERT INTO Treinador VALUES('Bruno', NULL);
INSERT INTO Treinador VALUES('Agatha', NULL);
INSERT INTO Treinador VALUES('Lance', 'Blackthorn City');
INSERT INTO Treinador VALUES('Blue', 'Pallet Town');
INSERT INTO Treinador VALUES('Trace', 'Pallet Town');

CREATE TABLE colecao(
	nome_treinador VARCHAR(20),
    pokemon_id INT,
    PRIMARY KEY(nome_treinador, pokemon_id));
INSERT INTO Colecao VALUES('Brock', 95);
INSERT INTO Colecao VALUES('Brock', 75);
INSERT INTO Colecao VALUES('Brock', 104);
INSERT INTO Colecao VALUES('Brock', 37);
INSERT INTO Colecao VALUES('Brock', 138);
INSERT INTO Colecao VALUES('Brock', 140);
INSERT INTO Colecao VALUES('Misty', 121);
INSERT INTO Colecao VALUES('Misty', 116);
INSERT INTO Colecao VALUES('Misty', 54);
INSERT INTO Colecao VALUES('Misty', 9);
INSERT INTO Colecao VALUES('Misty', 120);
INSERT INTO Colecao VALUES('Misty', 86);
INSERT INTO Colecao VALUES('Lt. Surge', 26);
INSERT INTO Colecao VALUES('Lt. Surge', 100);
INSERT INTO Colecao VALUES('Lt. Surge', 101);
INSERT INTO Colecao VALUES('Lt. Surge', 25);
INSERT INTO Colecao VALUES('Lt. Surge', 81);
INSERT INTO Colecao VALUES('Lt. Surge', 82);
INSERT INTO Colecao VALUES('Erika', 45);
INSERT INTO Colecao VALUES('Erika', 71);
INSERT INTO Colecao VALUES('Erika', 114);
INSERT INTO Colecao VALUES('Erika', 44);
INSERT INTO Colecao VALUES('Erika', 70);
INSERT INTO Colecao VALUES('Erika', 102);
INSERT INTO Colecao VALUES('Koga', 49);
INSERT INTO Colecao VALUES('Koga', 89);
INSERT INTO Colecao VALUES('Koga', 110);
INSERT INTO Colecao VALUES('Koga', 48);
INSERT INTO Colecao VALUES('Koga', 30);
INSERT INTO Colecao VALUES('Koga', 33);
INSERT INTO Colecao VALUES('Sabrina', 65);
INSERT INTO Colecao VALUES('Sabrina', 64);
INSERT INTO Colecao VALUES('Sabrina', 122);
INSERT INTO Colecao VALUES('Sabrina', 97);
INSERT INTO Colecao VALUES('Sabrina', 103);
INSERT INTO Colecao VALUES('Sabrina', 124);
INSERT INTO Colecao VALUES('Blaine', 78);
INSERT INTO Colecao VALUES('Blaine', 59);
INSERT INTO Colecao VALUES('Blaine', 6);
INSERT INTO Colecao VALUES('Blaine', 126);
INSERT INTO Colecao VALUES('Blaine', 36);
INSERT INTO Colecao VALUES('Blaine', 115);
INSERT INTO Colecao VALUES('Giovanni', 53);
INSERT INTO Colecao VALUES('Giovanni', 51);
INSERT INTO Colecao VALUES('Giovanni', 31);
INSERT INTO Colecao VALUES('Giovanni', 34);
INSERT INTO Colecao VALUES('Giovanni', 112);
INSERT INTO Colecao VALUES('Giovanni', 128);
INSERT INTO Colecao VALUES('Lorelei', 87);
INSERT INTO Colecao VALUES('Lorelei', 91);
INSERT INTO Colecao VALUES('Lorelei', 80);
INSERT INTO Colecao VALUES('Lorelei', 124);
INSERT INTO Colecao VALUES('Lorelei', 131);
INSERT INTO Colecao VALUES('Lorelei', 144);
INSERT INTO Colecao VALUES('Bruno', 68);
INSERT INTO Colecao VALUES('Bruno', 107);
INSERT INTO Colecao VALUES('Bruno', 106);
INSERT INTO Colecao VALUES('Bruno', 95);
INSERT INTO Colecao VALUES('Bruno', 76);
INSERT INTO Colecao VALUES('Bruno', 112);
INSERT INTO Colecao VALUES('Agatha', 94);
INSERT INTO Colecao VALUES('Agatha', 93);
INSERT INTO Colecao VALUES('Agatha', 42);
INSERT INTO Colecao VALUES('Agatha', 24);
INSERT INTO Colecao VALUES('Agatha', 89);
INSERT INTO Colecao VALUES('Agatha', 3);
INSERT INTO Colecao VALUES('Lance', 130);
INSERT INTO Colecao VALUES('Lance', 148);
INSERT INTO Colecao VALUES('Lance', 142);
INSERT INTO Colecao VALUES('Lance', 6);
INSERT INTO Colecao VALUES('Lance', 131);
INSERT INTO Colecao VALUES('Lance', 115);
INSERT INTO Colecao VALUES('Blue', 103);
INSERT INTO Colecao VALUES('Blue', 65);
INSERT INTO Colecao VALUES('Blue', 59);
INSERT INTO Colecao VALUES('Blue', 112);
INSERT INTO Colecao VALUES('Blue', 130);
INSERT INTO Colecao VALUES('Blue', 18);
INSERT INTO Colecao VALUES('Trace', 18);
INSERT INTO Colecao VALUES('Trace', 45);
INSERT INTO Colecao VALUES('Trace', 105);
INSERT INTO Colecao VALUES('Trace', 78);
INSERT INTO Colecao VALUES('Trace', 80);
INSERT INTO Colecao VALUES('Trace', 135);
